ACCOUNT_Priority,Savings,High-Interest,Financial planning,Growth,,,,,,,,,,,,,,,,,,,,,,,,,,,,,,,,,,,,,,,,,,,,,,,,,,,,,,,,,,,,,,,,,,,,,,,,,,,,,,,,,,,,,,,,,,,,,,,,,,,,,,,,,,,,,,,,,,,,,,,,,,,,,,,,,,,,,,,,,,,,,,,,,,,,,,,,,,,,,,
ACCOUNT_Type,CD,Christmas club,IRA,brokerage,business account,cash management,certificate of deposit,checking,checking account,high-yield checking,high-yield savings,money market,mutual funds,personal account,savings,savings account,savings bonds,savings treasuries ,specialty savings,traditional,,,,,,,,,,,,,,,,,,,,,,,,,,,,,,,,,,,,,,,,,,,,,,,,,,,,,,,,,,,,,,,,,,,,,,,,,,,,,,,,,,,,,,,,,,,,,,,,,,,,,,,,,,,,,,,,,,,,,,,,,,,,,,,,,,,,,,,,,,,,,,
ACCOUNTING_ExpenseRatio,gross expense ratio,net expense ratio,,,,,,,,,,,,,,,,,,,,,,,,,,,,,,,,,,,,,,,,,,,,,,,,,,,,,,,,,,,,,,,,,,,,,,,,,,,,,,,,,,,,,,,,,,,,,,,,,,,,,,,,,,,,,,,,,,,,,,,,,,,,,,,,,,,,,,,,,,,,,,,,,,,,,,,,,,,,,,,,
ACCOUNTING_LiquidityRatioType,current,operating cash flow,quick,,,,,,,,,,,,,,,,,,,,,,,,,,,,,,,,,,,,,,,,,,,,,,,,,,,,,,,,,,,,,,,,,,,,,,,,,,,,,,,,,,,,,,,,,,,,,,,,,,,,,,,,,,,,,,,,,,,,,,,,,,,,,,,,,,,,,,,,,,,,,,,,,,,,,,,,,,,,,,,
ACCOUNTING_PortfolioArea,bond,commodity,hedge fund,stock,,,,,,,,,,,,,,,,,,,,,,,,,,,,,,,,,,,,,,,,,,,,,,,,,,,,,,,,,,,,,,,,,,,,,,,,,,,,,,,,,,,,,,,,,,,,,,,,,,,,,,,,,,,,,,,,,,,,,,,,,,,,,,,,,,,,,,,,,,,,,,,,,,,,,,,,,,,,,,
ACCOUNTING_ProfitabilityRatioType,Margin ratio,Quick ratio,Return ratio,,,,,,,,,,,,,,,,,,,,,,,,,,,,,,,,,,,,,,,,,,,,,,,,,,,,,,,,,,,,,,,,,,,,,,,,,,,,,,,,,,,,,,,,,,,,,,,,,,,,,,,,,,,,,,,,,,,,,,,,,,,,,,,,,,,,,,,,,,,,,,,,,,,,,,,,,,,,,,,
ASSET_AnnuityType,deferred fixed,deferred fixed index,deferred income,deferred variable,fixed,immediate income,income,variable,,,,,,,,,,,,,,,,,,,,,,,,,,,,,,,,,,,,,,,,,,,,,,,,,,,,,,,,,,,,,,,,,,,,,,,,,,,,,,,,,,,,,,,,,,,,,,,,,,,,,,,,,,,,,,,,,,,,,,,,,,,,,,,,,,,,,,,,,,,,,,,,,,,,,,,,,,
ASSET_CDType,add-on,brokered,bump-up,callable,foreign currency ,high-yield,jumbo,liquid,no-penalty,step-up,traditional ,zero-coupon,,,,,,,,,,,,,,,,,,,,,,,,,,,,,,,,,,,,,,,,,,,,,,,,,,,,,,,,,,,,,,,,,,,,,,,,,,,,,,,,,,,,,,,,,,,,,,,,,,,,,,,,,,,,,,,,,,,,,,,,,,,,,,,,,,,,,,,,,,,,,,,,,,,,,,
ASSET_ReturnType,capital gains,dividends,interest,,,,,,,,,,,,,,,,,,,,,,,,,,,,,,,,,,,,,,,,,,,,,,,,,,,,,,,,,,,,,,,,,,,,,,,,,,,,,,,,,,,,,,,,,,,,,,,,,,,,,,,,,,,,,,,,,,,,,,,,,,,,,,,,,,,,,,,,,,,,,,,,,,,,,,,,,,,,,,,
ASSET_Type,401k,bond,bonds,cash,commodities,commodity,corporate,corporate ,cryptocurrency,derivatives,equities,foreign,futures,gold,government,hedge fund,high-yield ,investment-grade,it's a mortgage,junk,mortgage-backed,municipal,municipal ,my investments,real estate,sovereign ,stock,stocks,t-bond,treasury,treasury bill,treasury bond,treasury inflation-protected securities,treasury note,treasury note,,,,,,,,,,,,,,,,,,,,,,,,,,,,,,,,,,,,,,,,,,,,,,,,,,,,,,,,,,,,,,,,,,,,,,,,,,,,,,,,,,,,,,,,,,,,,,,,,,,,,,,,,,,,,,,,,,,,,,,,,,,,,,,
ASSISTANCE_Type,Federal,State,,,,,,,,,,,,,,,,,,,,,,,,,,,,,,,,,,,,,,,,,,,,,,,,,,,,,,,,,,,,,,,,,,,,,,,,,,,,,,,,,,,,,,,,,,,,,,,,,,,,,,,,,,,,,,,,,,,,,,,,,,,,,,,,,,,,,,,,,,,,,,,,,,,,,,,,,,,,,,,,
BILL_Type,Utilities,Services,Entertainment,Dining,Groceries,Medical,Financial,,,,,,,,,,,,,,,,,,,,,,,,,,,,,,,,,,,,,,,,,,,,,,,,,,,,,,,,,,,,,,,,,,,,,,,,,,,,,,,,,,,,,,,,,,,,,,,,,,,,,,,,,,,,,,,,,,,,,,,,,,,,,,,,,,,,,,,,,,,,,,,,,,,,,,,,,,,
BUDGET_Categories,clothing,debt,donations,education,entertainment,food ,gifts,healthcare,housing,insurance,inventory,medical care,personal,rent,retirement,savings,supplies,transportation,utilities,,,,,,,,,,,,,,,,,,,,,,,,,,,,,,,,,,,,,,,,,,,,,,,,,,,,,,,,,,,,,,,,,,,,,,,,,,,,,,,,,,,,,,,,,,,,,,,,,,,,,,,,,,,,,,,,,,,,,,,,,,,,,,,,,,,,,,,,,,,,,,,
Business_Name,A1 Nails,AAA Tax Preparation,J&J Spirits,Lilly's Pet Supply,City Housing Supply,Kate's Donuts,Shop Around the Corner Books,Harrison Electrical Supply,Petite Paris Boulangerie,,,,,,,,,,,,,,,,,,,,,,,,,,,,,,,,,,,,,,,,,,,,,,,,,,,,,,,,,,,,,,,,,,,,,,,,,,,,,,,,,,,,,,,,,,,,,,,,,,,,,,,,,,,,,,,,,,,,,,,,,,,,,,,,,,,,,,,,,,,,,,,,,,,,,,,,,
CHANGE_Type,Can I cancel my service and keep internet?,Can you help me cancel my service while keeping my internet?,Connect,Could you help me cancel my service but not my internet please?,"Could you help me out with cancelling my service, but keeping my internet please?",Family Plan,"I want to cancel service, keep internet.",I want to get help cancelling my service but keeping my internet,I wanted to keep my internet but cancel my service.,I'd like to cancel my service but keep my internet,Prepaid,Sparklight,TVStarter,TestDrive,Ultimate All-Included,Unlimited,YouTube TV,,,,,,,,,,,,,,,,,,,,,,,,,,,,,,,,,,,,,,,,,,,,,,,,,,,,,,,,,,,,,,,,,,,,,,,,,,,,,,,,,,,,,,,,,,,,,,,,,,,,,,,,,,,,,,,,,,,,,,,,,,,,,,,,,,,,,,,,,,,,,,,,,
COLOR,Red,Blue,Green,Yellow,Purple,Orange,Black,White,Brown,,,,,,,,,,,,,,,,,,,,,,,,,,,,,,,,,,,,,,,,,,,,,,,,,,,,,,,,,,,,,,,,,,,,,,,,,,,,,,,,,,,,,,,,,,,,,,,,,,,,,,,,,,,,,,,,,,,,,,,,,,,,,,,,,,,,,,,,,,,,,,,,,,,,,,,,,
COMMODITY_Type,agriculture,energy,livestock,metals,,,,,,,,,,,,,,,,,,,,,,,,,,,,,,,,,,,,,,,,,,,,,,,,,,,,,,,,,,,,,,,,,,,,,,,,,,,,,,,,,,,,,,,,,,,,,,,,,,,,,,,,,,,,,,,,,,,,,,,,,,,,,,,,,,,,,,,,,,,,,,,,,,,,,,,,,,,,,,
COMPLAINT_EmployeeInteraction,He was not helpful at all,He was rude,She stole my money,She swore at me,They hung up on me,They refused to help me,They were using bad language.,they were unprofessional,,,,,,,,,,,,,,,,,,,,,,,,,,,,,,,,,,,,,,,,,,,,,,,,,,,,,,,,,,,,,,,,,,,,,,,,,,,,,,,,,,,,,,,,,,,,,,,,,,,,,,,,,,,,,,,,,,,,,,,,,,,,,,,,,,,,,,,,,,,,,,,,,,,,,,,,,,
COMPLAINT_Type,Because of false advertising,Due to price gauging,Ever since I've been using your service I've had all kinds of problems with it.,First off it made fun of obesity,Harassment ,I believe you've stolen my personal information,I felt it was inappropriate,I saw nudity ,I was treated unfairly by a representative,It appears the tech stole some money from my house,It had flat out lies in it,It was racist,It's about discrepancies in what I offered and what the service is like,My concern was the message it sent,Overcharge,Tech installed the thing wrong!,The manager was very unprofessional,The tech installed the wrong equipment,They backed into my car,They didn't show up on time,They ran over my garden with their van,Well my case was totally mishandled,Well the content was questionable,What happened was I had my service cut off for no reason,You see I got ripped off,,,,,,,,,,,,,,,,,,,,,,,,,,,,,,,,,,,,,,,,,,,,,,,,,,,,,,,,,,,,,,,,,,,,,,,,,,,,,,,,,,,,,,,,,,,,,,,,,,,,,,,,,,,,,,,,,,,,,,,,,,,,,,,,,,,,,,,,,
CONDITION,damaged,fair,good,like new,poor,used,,,,,,,,,,,,,,,,,,,,,,,,,,,,,,,,,,,,,,,,,,,,,,,,,,,,,,,,,,,,,,,,,,,,,,,,,,,,,,,,,,,,,,,,,,,,,,,,,,,,,,,,,,,,,,,,,,,,,,,,,,,,,,,,,,,,,,,,,,,,,,,,,,,,,,,,,,,,
CONDITION_Type,new,reburbished,,,,,,,,,,,,,,,,,,,,,,,,,,,,,,,,,,,,,,,,,,,,,,,,,,,,,,,,,,,,,,,,,,,,,,,,,,,,,,,,,,,,,,,,,,,,,,,,,,,,,,,,,,,,,,,,,,,,,,,,,,,,,,,,,,,,,,,,,,,,,,,,,,,,,,,,,,,,,,,,
CONNECTION_Type,Wired,Wireless,,,,,,,,,,,,,,,,,,,,,,,,,,,,,,,,,,,,,,,,,,,,,,,,,,,,,,,,,,,,,,,,,,,,,,,,,,,,,,,,,,,,,,,,,,,,,,,,,,,,,,,,,,,,,,,,,,,,,,,,,,,,,,,,,,,,,,,,,,,,,,,,,,,,,,,,,,,,,,,,
CustomerErrors,Overdraft,Wrong statement,Wrong amount,Underpaid,Overpaid,Typo,Late payment,Missed payment,,,,,,,,,,,,,,,,,,,,,,,,,,,,,,,,,,,,,,,,,,,,,,,,,,,,,,,,,,,,,,,,,,,,,,,,,,,,,,,,,,,,,,,,,,,,,,,,,,,,,,,,,,,,,,,,,,,,,,,,,,,,,,,,,,,,,,,,,,,,,,,,,,,,,,,,,,
DAMAGE_Type,A thingy fell off of it the other day,I accidentally mowed over it,I honestly don't know,I think it was from flooding,I think it was this blizzard we had,I think it's bent out of shape somehow,I think it's from a lightning storm we had,It froze and then snapped cuz it's so cold here,It honestly looks like it melted,Massive wind storm,You did a bad job installing it and it fell,it appears that someone cut it ,it somehow fell off the house,must've been the weather I suppose,no idea but it's broken,other issue,physical damage,there was a bad storm,,,,,,,,,,,,,,,,,,,,,,,,,,,,,,,,,,,,,,,,,,,,,,,,,,,,,,,,,,,,,,,,,,,,,,,,,,,,,,,,,,,,,,,,,,,,,,,,,,,,,,,,,,,,,,,,,,,,,,,,,,,,,,,,,,,,,,,,,,,,,,,,
DAY_Holiday,Christmas Day,Good Friday,Fourth of July,Labor Day,"Martin Luther King, Jr. Day",Memorial Day,New Year's Day,Presidents Day,Thanksgiving Day,,,,,,,,,,,,,,,,,,,,,,,,,,,,,,,,,,,,,,,,,,,,,,,,,,,,,,,,,,,,,,,,,,,,,,,,,,,,,,,,,,,,,,,,,,,,,,,,,,,,,,,,,,,,,,,,,,,,,,,,,,,,,,,,,,,,,,,,,,,,,,,,,,,,,,,,,
DAY_Type,Weekday,Holiday,Business day,Weekend,Bank holiday,State holiday,National holiday,Religious holiday,,,,,,,,,,,,,,,,,,,,,,,,,,,,,,,,,,,,,,,,,,,,,,,,,,,,,,,,,,,,,,,,,,,,,,,,,,,,,,,,,,,,,,,,,,,,,,,,,,,,,,,,,,,,,,,,,,,,,,,,,,,,,,,,,,,,,,,,,,,,,,,,,,,,,,,,,,
DEBT_Type,Loan,Sutdent loan,Credit card debt,Mortgage,,,,,,,,,,,,,,,,,,,,,,,,,,,,,,,,,,,,,,,,,,,,,,,,,,,,,,,,,,,,,,,,,,,,,,,,,,,,,,,,,,,,,,,,,,,,,,,,,,,,,,,,,,,,,,,,,,,,,,,,,,,,,,,,,,,,,,,,,,,,,,,,,,,,,,,,,,,,,,
DEVICE_Type,cable box,dongle,tv,,,,,,,,,,,,,,,,,,,,,,,,,,,,,,,,,,,,,,,,,,,,,,,,,,,,,,,,,,,,,,,,,,,,,,,,,,,,,,,,,,,,,,,,,,,,,,,,,,,,,,,,,,,,,,,,,,,,,,,,,,,,,,,,,,,,,,,,,,,,,,,,,,,,,,,,,,,,,,,
DISPUTE_Type,Because it's unfair and wrong that you're charging me,Due to it being your error and not mine,It's so expensive and I didn't go over the limit,On account of never having enough data.,The charge is too high ,Well I had already changed my limit and then you still charged me,You see I feel the fee is unjust,too expensive,,,,,,,,,,,,,,,,,,,,,,,,,,,,,,,,,,,,,,,,,,,,,,,,,,,,,,,,,,,,,,,,,,,,,,,,,,,,,,,,,,,,,,,,,,,,,,,,,,,,,,,,,,,,,,,,,,,,,,,,,,,,,,,,,,,,,,,,,,,,,,,,,,,,,,,,,,
DOCUMENT_Type,Driver's license,Passport,State ID,Birth certificate,Boating license,Social security card,School ID,,,,,,,,,,,,,,,,,,,,,,,,,,,,,,,,,,,,,,,,,,,,,,,,,,,,,,,,,,,,,,,,,,,,,,,,,,,,,,,,,,,,,,,,,,,,,,,,,,,,,,,,,,,,,,,,,,,,,,,,,,,,,,,,,,,,,,,,,,,,,,,,,,,,,,,,,,,
EMAIL_Folder,deleted,inbox,outbox,sent,spam,,,,,,,,,,,,,,,,,,,,,,,,,,,,,,,,,,,,,,,,,,,,,,,,,,,,,,,,,,,,,,,,,,,,,,,,,,,,,,,,,,,,,,,,,,,,,,,,,,,,,,,,,,,,,,,,,,,,,,,,,,,,,,,,,,,,,,,,,,,,,,,,,,,,,,,,,,,,,
ERROR_Instance,Funds error,Missing deposit,Missing funds,Overdraft,Erroneous charges,Unscheduled fees,no service,no sim card,it goes into airplane mode,it keeps asking for a PIN,it says emergency calls only,it says there's no sim card,no SIM card detected,no SIM card installed,,,,,,,,,,,,,,,,,,,,,,,,,,,,,,,,,,,,,,,,,,,,,,,,,,,,,,,,,,,,,,,,,,,,,,,,,,,,,,,,,,,,,,,,,,,,,,,,,,,,,,,,,,,,,,,,,,,,,,,,,,,,,,,,,,,,,,,,,,,,,,,,,,,,
EVENT,Barcelona,Chelsea,Chicago Bears,Cowboys,Dodgers,Giants ,Knicks,Lakers,Liverpool ,Manchester United,Mets,Patriots,Real Madrid,Red Sox,Earthquake,Flood,Hurricane,Tornado,Flash flood,Fire,Wild fire,,,,,,,,,,,,,,,,,,,,,,,,,,,,,,,,,,,,,,,,,,,,,,,,,,,,,,,,,,,,,,,,,,,,,,,,,,,,,,,,,,,,,,,,,,,,,,,,,,,,,,,,,,,,,,,,,,,,,,,,,,,,,,,,,,,,,,,,,,,,,
EVENT_Losses,Car,Home,Other property,Personal property,Jewelry,,,,,,,,,,,,,,,,,,,,,,,,,,,,,,,,,,,,,,,,,,,,,,,,,,,,,,,,,,,,,,,,,,,,,,,,,,,,,,,,,,,,,,,,,,,,,,,,,,,,,,,,,,,,,,,,,,,,,,,,,,,,,,,,,,,,,,,,,,,,,,,,,,,,,,,,,,,,,
EXPENSE_Type,Taxes,Medical care,Prescriptions,Business,Personal,insurance,mortgage,real estate taxes,rent,,,,,,,,,,,,,,,,,,,,,,,,,,,,,,,,,,,,,,,,,,,,,,,,,,,,,,,,,,,,,,,,,,,,,,,,,,,,,,,,,,,,,,,,,,,,,,,,,,,,,,,,,,,,,,,,,,,,,,,,,,,,,,,,,,,,,,,,,,,,,,,,,,,,,,,,,
FORECLOSURE_Type,judicial ,non-judicial,,,,,,,,,,,,,,,,,,,,,,,,,,,,,,,,,,,,,,,,,,,,,,,,,,,,,,,,,,,,,,,,,,,,,,,,,,,,,,,,,,,,,,,,,,,,,,,,,,,,,,,,,,,,,,,,,,,,,,,,,,,,,,,,,,,,,,,,,,,,,,,,,,,,,,,,,,,,,,,,
FREQUENCY_Payment,annually,bi-annually,bi-weekly,monthly,quarterly,recurring payment,weekly,yearly,,,,,,,,,,,,,,,,,,,,,,,,,,,,,,,,,,,,,,,,,,,,,,,,,,,,,,,,,,,,,,,,,,,,,,,,,,,,,,,,,,,,,,,,,,,,,,,,,,,,,,,,,,,,,,,,,,,,,,,,,,,,,,,,,,,,,,,,,,,,,,,,,,,,,,,,,,
FREQUENCY_Recurring,annual,annually,annuity,bi-annually,bi-monthly,bi-weekly,daily,monthly,quarterly,weekly,yearly,Monthly,Weekly,Daily,,,,,,,,,,,,,,,,,,,,,,,,,,,,,,,,,,,,,,,,,,,,,,,,,,,,,,,,,,,,,,,,,,,,,,,,,,,,,,,,,,,,,,,,,,,,,,,,,,,,,,,,,,,,,,,,,,,,,,,,,,,,,,,,,,,,,,,,,,,,,,,,,,,,
INVESTMENT_IRATypes,Roth,SEP,SIMPLE,non-deductible,spousal,traditional,,,,,,,,,,,,,,,,,,,,,,,,,,,,,,,,,,,,,,,,,,,,,,,,,,,,,,,,,,,,,,,,,,,,,,,,,,,,,,,,,,,,,,,,,,,,,,,,,,,,,,,,,,,,,,,,,,,,,,,,,,,,,,,,,,,,,,,,,,,,,,,,,,,,,,,,,,,,
INVESTMENT_Priority,growth,long term investment,quick returns,Safe Investments Only,Retirement Fund,stability,,,,,,,,,,,,,,,,,,,,,,,,,,,,,,,,,,,,,,,,,,,,,,,,,,,,,,,,,,,,,,,,,,,,,,,,,,,,,,,,,,,,,,,,,,,,,,,,,,,,,,,,,,,,,,,,,,,,,,,,,,,,,,,,,,,,,,,,,,,,,,,,,,,,,,,,,,,,
INVESTMENT_Sector,balanced funds,business,equity funds,financial market,fixed-income funds,foreign trade ,government,housing,hybridy funds,international trade,labor market,money market funds,specialty funds,,,,,,,,,,,,,,,,,,,,,,,,,,,,,,,,,,,,,,,,,,,,,,,,,,,,,,,,,,,,,,,,,,,,,,,,,,,,,,,,,,,,,,,,,,,,,,,,,,,,,,,,,,,,,,,,,,,,,,,,,,,,,,,,,,,,,,,,,,,,,,,,,,,,,
INVESTMENT_Strategy,Reduce Risk,Stable,Growth,Aggressive Growth,,,,,,,,,,,,,,,,,,,,,,,,,,,,,,,,,,,,,,,,,,,,,,,,,,,,,,,,,,,,,,,,,,,,,,,,,,,,,,,,,,,,,,,,,,,,,,,,,,,,,,,,,,,,,,,,,,,,,,,,,,,,,,,,,,,,,,,,,,,,,,,,,,,,,,,,,,,,,,
INVESTMENT_Type,401k,bond,futures,gold,real estate,stock,commodities,,,,,,,,,,,,,,,,,,,,,,,,,,,,,,,,,,,,,,,,,,,,,,,,,,,,,,,,,,,,,,,,,,,,,,,,,,,,,,,,,,,,,,,,,,,,,,,,,,,,,,,,,,,,,,,,,,,,,,,,,,,,,,,,,,,,,,,,,,,,,,,,,,,,,,,,,,,
LANGUAGE,Arabic,German,Greek,Hindi,Italian,Japanese,Korean,Polish,Portuguese,Romanian,Romansh,Rundi,Russian,Spanish,Tagalog,Thai,Ukrainian,Vietnamese,,,,,,,,,,,,,,,,,,,,,,,,,,,,,,,,,,,,,,,,,,,,,,,,,,,,,,,,,,,,,,,,,,,,,,,,,,,,,,,,,,,,,,,,,,,,,,,,,,,,,,,,,,,,,,,,,,,,,,,,,,,,,,,,,,,,,,,,,,,,,,,,
LEVEL,Low,Medium,High,,,,,,,,,,,,,,,,,,,,,,,,,,,,,,,,,,,,,,,,,,,,,,,,,,,,,,,,,,,,,,,,,,,,,,,,,,,,,,,,,,,,,,,,,,,,,,,,,,,,,,,,,,,,,,,,,,,,,,,,,,,,,,,,,,,,,,,,,,,,,,,,,,,,,,,,,,,,,,,
LEVEL_Adverb,Moderate,Severe,Mild,,,,,,,,,,,,,,,,,,,,,,,,,,,,,,,,,,,,,,,,,,,,,,,,,,,,,,,,,,,,,,,,,,,,,,,,,,,,,,,,,,,,,,,,,,,,,,,,,,,,,,,,,,,,,,,,,,,,,,,,,,,,,,,,,,,,,,,,,,,,,,,,,,,,,,,,,,,,,,,
LEVEL_Ordinal,higher,lower,same,,,,,,,,,,,,,,,,,,,,,,,,,,,,,,,,,,,,,,,,,,,,,,,,,,,,,,,,,,,,,,,,,,,,,,,,,,,,,,,,,,,,,,,,,,,,,,,,,,,,,,,,,,,,,,,,,,,,,,,,,,,,,,,,,,,,,,,,,,,,,,,,,,,,,,,,,,,,,,,
LIABILITY_InterestType,compound interest,simple interest,,,,,,,,,,,,,,,,,,,,,,,,,,,,,,,,,,,,,,,,,,,,,,,,,,,,,,,,,,,,,,,,,,,,,,,,,,,,,,,,,,,,,,,,,,,,,,,,,,,,,,,,,,,,,,,,,,,,,,,,,,,,,,,,,,,,,,,,,,,,,,,,,,,,,,,,,,,,,,,,
LIABILITY_LienType,involuntary,judgment,property tax,voluntary,,,,,,,,,,,,,,,,,,,,,,,,,,,,,,,,,,,,,,,,,,,,,,,,,,,,,,,,,,,,,,,,,,,,,,,,,,,,,,,,,,,,,,,,,,,,,,,,,,,,,,,,,,,,,,,,,,,,,,,,,,,,,,,,,,,,,,,,,,,,,,,,,,,,,,,,,,,,,,
LOAN_CosignerOrSelf,Cosigner,Self,,,,,,,,,,,,,,,,,,,,,,,,,,,,,,,,,,,,,,,,,,,,,,,,,,,,,,,,,,,,,,,,,,,,,,,,,,,,,,,,,,,,,,,,,,,,,,,,,,,,,,,,,,,,,,,,,,,,,,,,,,,,,,,,,,,,,,,,,,,,,,,,,,,,,,,,,,,,,,,,
LOAN_Purpose,Emergencies,Home Modeling,Large Purchase,Medical bills,Small Business,Repairs,Home Repairs,Consolidate debt,,,,,,,,,,,,,,,,,,,,,,,,,,,,,,,,,,,,,,,,,,,,,,,,,,,,,,,,,,,,,,,,,,,,,,,,,,,,,,,,,,,,,,,,,,,,,,,,,,,,,,,,,,,,,,,,,,,,,,,,,,,,,,,,,,,,,,,,,,,,,,,,,,,,,,,,,,
LOAN_RateType,adjustable,deferred fixed,deferred fixed index,deferred income,deferred variable,fixed,immediate income,income,variable,,,,,,,,,,,,,,,,,,,,,,,,,,,,,,,,,,,,,,,,,,,,,,,,,,,,,,,,,,,,,,,,,,,,,,,,,,,,,,,,,,,,,,,,,,,,,,,,,,,,,,,,,,,,,,,,,,,,,,,,,,,,,,,,,,,,,,,,,,,,,,,,,,,,,,,,,
LOAN_Type,SBA loan,accounts receivable financing,adjustable-rate,auto,business acquisition loan,business credit card,business lines of credit,business term loan,commercial mortgage,conventional,equipment financing,equipmentÂ loan,fixed,fixed-rate,government-insured,home,invoice factoring,invoice financing,jumbo,loan,merchant cash advance,mortgage,personal,personal loan,short term loan,startup loan,student,term loan,variable,,,,,,,,,,,,,,,,,,,,,,,,,,,,,,,,,,,,,,,,,,,,,,,,,,,,,,,,,,,,,,,,,,,,,,,,,,,,,,,,,,,,,,,,,,,,,,,,,,,,,,,,,,,,,,,,,,,,,,,,,,,,,,,,,,,,,
LOCATION,attic,basement,bedroom,breakfast nook,den,family room,guest room,kitchen,living room,,,,,,,,,,,,,,,,,,,,,,,,,,,,,,,,,,,,,,,,,,,,,,,,,,,,,,,,,,,,,,,,,,,,,,,,,,,,,,,,,,,,,,,,,,,,,,,,,,,,,,,,,,,,,,,,,,,,,,,,,,,,,,,,,,,,,,,,,,,,,,,,,,,,,,,,,
METHOD_Accounting,Accrual,Cash,,,,,,,,,,,,,,,,,,,,,,,,,,,,,,,,,,,,,,,,,,,,,,,,,,,,,,,,,,,,,,,,,,,,,,,,,,,,,,,,,,,,,,,,,,,,,,,,,,,,,,,,,,,,,,,,,,,,,,,,,,,,,,,,,,,,,,,,,,,,,,,,,,,,,,,,,,,,,,,,
METHOD_AlertType,negative account balance,new payee added,payment completed,payment received,recurring payment due,,,,,,,,,,,,,,,,,,,,,,,,,,,,,,,,,,,,,,,,,,,,,,,,,,,,,,,,,,,,,,,,,,,,,,,,,,,,,,,,,,,,,,,,,,,,,,,,,,,,,,,,,,,,,,,,,,,,,,,,,,,,,,,,,,,,,,,,,,,,,,,,,,,,,,,,,,,,,
METHOD_Authentication,Two-Factor Authentication,Passcode,Security Code,Text Code,Phone Call,Security Question,,,,,,,,,,,,,,,,,,,,,,,,,,,,,,,,,,,,,,,,,,,,,,,,,,,,,,,,,,,,,,,,,,,,,,,,,,,,,,,,,,,,,,,,,,,,,,,,,,,,,,,,,,,,,,,,,,,,,,,,,,,,,,,,,,,,,,,,,,,,,,,,,,,,,,,,,,,,
METHOD_Contact,cell,chat,connect to a representative,email,in-person,mail,online,phone,text,video chat,,,,,,,,,,,,,,,,,,,,,,,,,,,,,,,,,,,,,,,,,,,,,,,,,,,,,,,,,,,,,,,,,,,,,,,,,,,,,,,,,,,,,,,,,,,,,,,,,,,,,,,,,,,,,,,,,,,,,,,,,,,,,,,,,,,,,,,,,,,,,,,,,,,,,,,,
METHOD_Delivery,email,text,mail,download,,,,,,,,,,,,,,,,,,,,,,,,,,,,,,,,,,,,,,,,,,,,,,,,,,,,,,,,,,,,,,,,,,,,,,,,,,,,,,,,,,,,,,,,,,,,,,,,,,,,,,,,,,,,,,,,,,,,,,,,,,,,,,,,,,,,,,,,,,,,,,,,,,,,,,,,,,,,,,
METHOD_DeliverySpeed,2-day,economy,one-day,priority,standard,,,,,,,,,,,,,,,,,,,,,,,,,,,,,,,,,,,,,,,,,,,,,,,,,,,,,,,,,,,,,,,,,,,,,,,,,,,,,,,,,,,,,,,,,,,,,,,,,,,,,,,,,,,,,,,,,,,,,,,,,,,,,,,,,,,,,,,,,,,,,,,,,,,,,,,,,,,,,
METHOD_InterestReduction,Refinance,Balance Transfer,Pay down principal,Modify loan terms,Extend loan term,,,,,,,,,,,,,,,,,,,,,,,,,,,,,,,,,,,,,,,,,,,,,,,,,,,,,,,,,,,,,,,,,,,,,,,,,,,,,,,,,,,,,,,,,,,,,,,,,,,,,,,,,,,,,,,,,,,,,,,,,,,,,,,,,,,,,,,,,,,,,,,,,,,,,,,,,,,,,
METHOD_Payment,American Express,Diners Club,Discover,Maestro,Mastercard,Visa,check,credit,credit card,debit,debit card,,,,,,,,,,,,,,,,,,,,,,,,,,,,,,,,,,,,,,,,,,,,,,,,,,,,,,,,,,,,,,,,,,,,,,,,,,,,,,,,,,,,,,,,,,,,,,,,,,,,,,,,,,,,,,,,,,,,,,,,,,,,,,,,,,,,,,,,,,,,,,,,,,,,,,,
METHOD_PaymentApp,MoneyGram,OFX,PayPal,TransferWise,Western Union,WorldRemit,Cash App,Google Pay,Venmo,Xoom,Zelle,,,,,,,,,,,,,,,,,,,,,,,,,,,,,,,,,,,,,,,,,,,,,,,,,,,,,,,,,,,,,,,,,,,,,,,,,,,,,,,,,,,,,,,,,,,,,,,,,,,,,,,,,,,,,,,,,,,,,,,,,,,,,,,,,,,,,,,,,,,,,,,,,,,,,,,
METHOD_PaymentInstance,Bank of America Premium Rewards,Blue Cash Preferred,Chase Freedom Unlimited,Chase Sapphire Preferred,Citi Double Cash Back,Discover It Cash Back,Gold Card,Platinum Card,Centurion Card,Blue Cash Everyday,,,,,,,,,,,,,,,,,,,,,,,,,,,,,,,,,,,,,,,,,,,,,,,,,,,,,,,,,,,,,,,,,,,,,,,,,,,,,,,,,,,,,,,,,,,,,,,,,,,,,,,,,,,,,,,,,,,,,,,,,,,,,,,,,,,,,,,,,,,,,,,,,,,,,,,,
METHOD_PaymentPlan,annually,bi-annually,bi-weekly,monthly,quarterly,weekly,yearly,autopay,,,,,,,,,,,,,,,,,,,,,,,,,,,,,,,,,,,,,,,,,,,,,,,,,,,,,,,,,,,,,,,,,,,,,,,,,,,,,,,,,,,,,,,,,,,,,,,,,,,,,,,,,,,,,,,,,,,,,,,,,,,,,,,,,,,,,,,,,,,,,,,,,,,,,,,,,,
METHOD_PaymentType,deferred,early withdrawl ,fixed period ,guaranteed term ,immediate,income,joint and survivor ,lump-sum,refund,straight life,systematic withdrawl,,,,,,,,,,,,,,,,,,,,,,,,,,,,,,,,,,,,,,,,,,,,,,,,,,,,,,,,,,,,,,,,,,,,,,,,,,,,,,,,,,,,,,,,,,,,,,,,,,,,,,,,,,,,,,,,,,,,,,,,,,,,,,,,,,,,,,,,,,,,,,,,,,,,,,,
METHOD_Recovery,email,mail,post,text,,,,,,,,,,,,,,,,,,,,,,,,,,,,,,,,,,,,,,,,,,,,,,,,,,,,,,,,,,,,,,,,,,,,,,,,,,,,,,,,,,,,,,,,,,,,,,,,,,,,,,,,,,,,,,,,,,,,,,,,,,,,,,,,,,,,,,,,,,,,,,,,,,,,,,,,,,,,,,
METHOD_Redemption,cash back,gift certificate,statement credit,,,,,,,,,,,,,,,,,,,,,,,,,,,,,,,,,,,,,,,,,,,,,,,,,,,,,,,,,,,,,,,,,,,,,,,,,,,,,,,,,,,,,,,,,,,,,,,,,,,,,,,,,,,,,,,,,,,,,,,,,,,,,,,,,,,,,,,,,,,,,,,,,,,,,,,,,,,,,,,
METHOD_Refund,check,credit,deposit,pre-paid credit card,refund,,,,,,,,,,,,,,,,,,,,,,,,,,,,,,,,,,,,,,,,,,,,,,,,,,,,,,,,,,,,,,,,,,,,,,,,,,,,,,,,,,,,,,,,,,,,,,,,,,,,,,,,,,,,,,,,,,,,,,,,,,,,,,,,,,,,,,,,,,,,,,,,,,,,,,,,,,,,,
METHOD_Return,delivery,mail,pick-up,post,,,,,,,,,,,,,,,,,,,,,,,,,,,,,,,,,,,,,,,,,,,,,,,,,,,,,,,,,,,,,,,,,,,,,,,,,,,,,,,,,,,,,,,,,,,,,,,,,,,,,,,,,,,,,,,,,,,,,,,,,,,,,,,,,,,,,,,,,,,,,,,,,,,,,,,,,,,,,,
METHOD_SecurityQuestion,What city was your first job in?,What is your father's middle name?,What is your mother's maiden name?,What street name did you grow up on?,What was the first car you had?,What was the name of your childhood best friend?,What was your high school mascot?,Where did you attend elementary school?,what elementary school did you attend?,what is your mother's maiden name?,what was the name of your first pet?,what was your childhood best friend's name?,what was your first car?,,,,,,,,,,,,,,,,,,,,,,,,,,,,,,,,,,,,,,,,,,,,,,,,,,,,,,,,,,,,,,,,,,,,,,,,,,,,,,,,,,,,,,,,,,,,,,,,,,,,,,,,,,,,,,,,,,,,,,,,,,,,,,,,,,,,,,,,,,,,,,,,,,,,,
METHOD_Shipping,in-store,instore,mail,,,,,,,,,,,,,,,,,,,,,,,,,,,,,,,,,,,,,,,,,,,,,,,,,,,,,,,,,,,,,,,,,,,,,,,,,,,,,,,,,,,,,,,,,,,,,,,,,,,,,,,,,,,,,,,,,,,,,,,,,,,,,,,,,,,,,,,,,,,,,,,,,,,,,,,,,,,,,,,
METHOD_StopPayment,a series of the next payments,all payments,the next payment,,,,,,,,,,,,,,,,,,,,,,,,,,,,,,,,,,,,,,,,,,,,,,,,,,,,,,,,,,,,,,,,,,,,,,,,,,,,,,,,,,,,,,,,,,,,,,,,,,,,,,,,,,,,,,,,,,,,,,,,,,,,,,,,,,,,,,,,,,,,,,,,,,,,,,,,,,,,,,,
METHOD_TransferType,ACH,Wire,Direct Deposit,Money Order,,,,,,,,,,,,,,,,,,,,,,,,,,,,,,,,,,,,,,,,,,,,,,,,,,,,,,,,,,,,,,,,,,,,,,,,,,,,,,,,,,,,,,,,,,,,,,,,,,,,,,,,,,,,,,,,,,,,,,,,,,,,,,,,,,,,,,,,,,,,,,,,,,,,,,,,,,,,,,
METHOD_Upload,Scanner,Smartphone,Photo,,,,,,,,,,,,,,,,,,,,,,,,,,,,,,,,,,,,,,,,,,,,,,,,,,,,,,,,,,,,,,,,,,,,,,,,,,,,,,,,,,,,,,,,,,,,,,,,,,,,,,,,,,,,,,,,,,,,,,,,,,,,,,,,,,,,,,,,,,,,,,,,,,,,,,,,,,,,,,,
MONEY_Type,Dollar,Euro,Pound,Yen,Renminbi,Canadian Dollar,Australian Dollar,Swiss Franc,,,,,,,,,,,,,,,,,,,,,,,,,,,,,,,,,,,,,,,,,,,,,,,,,,,,,,,,,,,,,,,,,,,,,,,,,,,,,,,,,,,,,,,,,,,,,,,,,,,,,,,,,,,,,,,,,,,,,,,,,,,,,,,,,,,,,,,,,,,,,,,,,,,,,,,,,,
NETWORK_Type,4G,5G,LTE,3G,Edge,,,,,,,,,,,,,,,,,,,,,,,,,,,,,,,,,,,,,,,,,,,,,,,,,,,,,,,,,,,,,,,,,,,,,,,,,,,,,,,,,,,,,,,,,,,,,,,,,,,,,,,,,,,,,,,,,,,,,,,,,,,,,,,,,,,,,,,,,,,,,,,,,,,,,,,,,,,,,
ORGANIZATION,Against Malaria Foundation,Amazon,Domino's,ExpressVPN,Fred Hollows Foundation,Honda,IPVanish,Keurig,New Incentives,NordVPN,Nordstrom,One Acre Fund,OxFam,ProtonVPN,SCI Foundation,Seva,Subaru Auto,Surfshark,T-Mobile,TD Bank,Taco Bell,Target,Uber,Wal Mart,Wendy's,Yeti,bluehost,godaddy,squarespace,,,,,,,,,,,,,,,,,,,,,,,,,,,,,,,,,,,,,,,,,,,,,,,,,,,,,,,,,,,,,,,,,,,,,,,,,,,,,,,,,,,,,,,,,,,,,,,,,,,,,,,,,,,,,,,,,,,,,,,,,,,,,,,,,,,,,
ORGANIZATION_Bank,ANZ,APGFCU,Arvest,BNP Paribas,BNZ,Bank Of America,Bank of America,BankLender,BankofAmerica,Capital One,Capitol One,Charles Schwab,Chase,Chase Bank,Citi Bank,CitiBank,Citibank,Commerce Bank,Deutsche Bank,First National,FutureAdvisor,HSBC,LightStream,PNC,PNC Bank N.A.,Quicken loans,Sallie Mae,SoFi,State Street,TD Bank,U.S. Bank,US Bank,Visa,Wells Fargo,WellsFargo,acorns,ally invest,betterment,blooom,ellevest,personal capital ,stash ,vanguard,wealthfront,wealthsimple,,,,,,,,,,,,,,,,,,,,,,,,,,,,,,,,,,,,,,,,,,,,,,,,,,,,,,,,,,,,,,,,,,,,,,,,,,,,,,,,,,,,,,,,,,,,,,,,,,,,,,,,,,,,,,,,,,,,,
ORGANIZATION_Brokerage,Ally Invest,Charles Schwab,E*TRADE,Fidelity,Merrill Lynch,Robinhood,TD Ameritrade,,,,,,,,,,,,,,,,,,,,,,,,,,,,,,,,,,,,,,,,,,,,,,,,,,,,,,,,,,,,,,,,,,,,,,,,,,,,,,,,,,,,,,,,,,,,,,,,,,,,,,,,,,,,,,,,,,,,,,,,,,,,,,,,,,,,,,,,,,,,,,,,,,,,,,,,,,,
ORGANIZATION_CreditAgency,Equifax,Experian,TransUnion,,,,,,,,,,,,,,,,,,,,,,,,,,,,,,,,,,,,,,,,,,,,,,,,,,,,,,,,,,,,,,,,,,,,,,,,,,,,,,,,,,,,,,,,,,,,,,,,,,,,,,,,,,,,,,,,,,,,,,,,,,,,,,,,,,,,,,,,,,,,,,,,,,,,,,,,,,,,,,,
ORGANIZATION_DebtSettlement,Avant,Axos Bank,LightStream,Marcus,Payoff,Prosper,SoFi,Upgrade,,,,,,,,,,,,,,,,,,,,,,,,,,,,,,,,,,,,,,,,,,,,,,,,,,,,,,,,,,,,,,,,,,,,,,,,,,,,,,,,,,,,,,,,,,,,,,,,,,,,,,,,,,,,,,,,,,,,,,,,,,,,,,,,,,,,,,,,,,,,,,,,,,,,,,,,,,
ORGANIZATION_IncorporationType,C corporation,S corporation,,,,,,,,,,,,,,,,,,,,,,,,,,,,,,,,,,,,,,,,,,,,,,,,,,,,,,,,,,,,,,,,,,,,,,,,,,,,,,,,,,,,,,,,,,,,,,,,,,,,,,,,,,,,,,,,,,,,,,,,,,,,,,,,,,,,,,,,,,,,,,,,,,,,,,,,,,,,,,,,
ORGANIZATION_Insurance,Allstate,Farmers,Geico,Nationwide,Progressive,State Farm,Travelers,USAA,,,,,,,,,,,,,,,,,,,,,,,,,,,,,,,,,,,,,,,,,,,,,,,,,,,,,,,,,,,,,,,,,,,,,,,,,,,,,,,,,,,,,,,,,,,,,,,,,,,,,,,,,,,,,,,,,,,,,,,,,,,,,,,,,,,,,,,,,,,,,,,,,,,,,,,,,,
ORGANIZATION_Lender,APGFCU,Ally Bank,Arvest,BNP Paribas,Bank Of America,Bank of America,BankLender,BankofAmerica,Caliber Home Loans,Capital One,Capitol One,Carvana,Charles Schwab,Chase,Chase Auto,Chase Bank,Chrysler Financial,Citi Bank,CitiBank,Citibank,Commerce Bank,Consumers Credit Union,Fairway Independent Mortgage,Fifth Third Bank,First National,Freedom Mortgage,HSBC,Honda Financial Services,JPMorgan Chase,LightStream,NASB,Navy Federal,PNC,PNC Bank N.A.,PenFed Credit Union,Quicken Loans,Quicken loans,Sallie Mae,State Street,TD Bank,Toyota Financial Services,U.S. Bank,US Bank,United Wholesale Mortgage,Visa,Wells Fargo,,,,,,,,,,,,,,,,,,,,,,,,,,,,,,,,,,,,,,,,,,,,,,,,,,,,,,,,,,,,,,,,,,,,,,,,,,,,,,,,,,,,,,,,,,,,,,,,,,,,,,,,,,,,,,,,,,,,
ORGANIZATION_LenderType,Business,Personal,,,,,,,,,,,,,,,,,,,,,,,,,,,,,,,,,,,,,,,,,,,,,,,,,,,,,,,,,,,,,,,,,,,,,,,,,,,,,,,,,,,,,,,,,,,,,,,,,,,,,,,,,,,,,,,,,,,,,,,,,,,,,,,,,,,,,,,,,,,,,,,,,,,,,,,,,,,,,,,,
ORGANIZATION_PartnershipType,General,Limited,,,,,,,,,,,,,,,,,,,,,,,,,,,,,,,,,,,,,,,,,,,,,,,,,,,,,,,,,,,,,,,,,,,,,,,,,,,,,,,,,,,,,,,,,,,,,,,,,,,,,,,,,,,,,,,,,,,,,,,,,,,,,,,,,,,,,,,,,,,,,,,,,,,,,,,,,,,,,,,,
ORGANIZATION_Regulatory,CPSC,EPA,FTC,IC3,USPIS,the FCC,,,,,,,,,,,,,,,,,,,,,,,,,,,,,,,,,,,,,,,,,,,,,,,,,,,,,,,,,,,,,,,,,,,,,,,,,,,,,,,,,,,,,,,,,,,,,,,,,,,,,,,,,,,,,,,,,,,,,,,,,,,,,,,,,,,,,,,,,,,,,,,,,,,,,,,,,,,,
ORGANIZATION_Retail,Costco,Kroger,Target,Walgreens,Walmart,,,,,,,,,,,,,,,,,,,,,,,,,,,,,,,,,,,,,,,,,,,,,,,,,,,,,,,,,,,,,,,,,,,,,,,,,,,,,,,,,,,,,,,,,,,,,,,,,,,,,,,,,,,,,,,,,,,,,,,,,,,,,,,,,,,,,,,,,,,,,,,,,,,,,,,,,,,,,
ORGANIZATION_ServiceProvider,AT&T,AT&T Internet 1000,AT&T Wireless,Boost Mobile,CenturyLink,CenturyLink Fiber Gigabit,Chairs,Cox,Cox Gigablast,Cricket Wireless,DIRECTV,DISH,Dish,EarthLink,Frontier,Google Fi,Google Fiber,GoogleChrome,HughesNet,Hulu+ Live TV,Ipad,Metro,Mint Mobile,SlingTV,Spectrum,Spectrum Internet Gig,T-Mobile,T-Mobile Wireless,Verizon,Verizon Fios Gigabit,Verizon Fios TV,Verizon WirelessSpectrum,Viasat,Visible,WOW!,Xfinity,Xfinity Extreme Pro,Xfinity Mobile,YouTube TV,fuboTV,,,,,,,,,,,,,,,,,,,,,,,,,,,,,,,,,,,,,,,,,,,,,,,,,,,,,,,,,,,,,,,,,,,,,,,,,,,,,,,,,,,,,,,,,,,,,,,,,,,,,,,,,,,,,,,,,,,,,,,,,,
ORGANIZATION_Structure,LLC,limited partnership,sole proprietor,,,,,,,,,,,,,,,,,,,,,,,,,,,,,,,,,,,,,,,,,,,,,,,,,,,,,,,,,,,,,,,,,,,,,,,,,,,,,,,,,,,,,,,,,,,,,,,,,,,,,,,,,,,,,,,,,,,,,,,,,,,,,,,,,,,,,,,,,,,,,,,,,,,,,,,,,,,,,,,
ORGANIZATION_Type,aerospace,agriculture,architecture firm,calligraphy services,coffee manufacturer,construction,education,electronics,energy,entertainment,food,hospitality,information technology,manufacturing,pharmaceutical,retail,soap manufacturer,transport,,,,,,,,,,,,,,,,,,,,,,,,,,,,,,,,,,,,,,,,,,,,,,,,,,,,,,,,,,,,,,,,,,,,,,,,,,,,,,,,,,,,,,,,,,,,,,,,,,,,,,,,,,,,,,,,,,,,,,,,,,,,,,,,,,,,,,,,,,,,,,,,
OUTAGE_Type,internet,phone,modem,TV,,,,,,,,,,,,,,,,,,,,,,,,,,,,,,,,,,,,,,,,,,,,,,,,,,,,,,,,,,,,,,,,,,,,,,,,,,,,,,,,,,,,,,,,,,,,,,,,,,,,,,,,,,,,,,,,,,,,,,,,,,,,,,,,,,,,,,,,,,,,,,,,,,,,,,,,,,,,,,
PAYMENT_CardType,Credit card,Debit Card,Charge Card,EBT Card,,,,,,,,,,,,,,,,,,,,,,,,,,,,,,,,,,,,,,,,,,,,,,,,,,,,,,,,,,,,,,,,,,,,,,,,,,,,,,,,,,,,,,,,,,,,,,,,,,,,,,,,,,,,,,,,,,,,,,,,,,,,,,,,,,,,,,,,,,,,,,,,,,,,,,,,,,,,,,
PAYMENT_Portion,Full,Partial,Installments,Month-to-month,,,,,,,,,,,,,,,,,,,,,,,,,,,,,,,,,,,,,,,,,,,,,,,,,,,,,,,,,,,,,,,,,,,,,,,,,,,,,,,,,,,,,,,,,,,,,,,,,,,,,,,,,,,,,,,,,,,,,,,,,,,,,,,,,,,,,,,,,,,,,,,,,,,,,,,,,,,,,,
PENSION_Type,403(b),Roth 401(k),SIMPLE 401(k),Safe Harbor 401(k),multi-employer,non-qualified,private company,profit-sharing plan,public,qualified,self-employed 401(k),traditional 401(k),,,,,,,,,,,,,,,,,,,,,,,,,,,,,,,,,,,,,,,,,,,,,,,,,,,,,,,,,,,,,,,,,,,,,,,,,,,,,,,,,,,,,,,,,,,,,,,,,,,,,,,,,,,,,,,,,,,,,,,,,,,,,,,,,,,,,,,,,,,,,,,,,,,,,,
PERSON_ContactInformationType,Address,Email Address,Mailing Address,Permanent address,Phone Number,,,,,,,,,,,,,,,,,,,,,,,,,,,,,,,,,,,,,,,,,,,,,,,,,,,,,,,,,,,,,,,,,,,,,,,,,,,,,,,,,,,,,,,,,,,,,,,,,,,,,,,,,,,,,,,,,,,,,,,,,,,,,,,,,,,,,,,,,,,,,,,,,,,,,,,,,,,,,
PERSON_Degree,Associate,J.D.,M.D.,Ph.D.,B.A.,Certificate,Doctorate,M.A.,Master's,M.F.A.,Master's of Fine Arts,Master's of Arts,B.S.,Bachelor's of Science,A.B.,,,,,,,,,,,,,,,,,,,,,,,,,,,,,,,,,,,,,,,,,,,,,,,,,,,,,,,,,,,,,,,,,,,,,,,,,,,,,,,,,,,,,,,,,,,,,,,,,,,,,,,,,,,,,,,,,,,,,,,,,,,,,,,,,,,,,,,,,,,,,,,,,,,
PERSON_Demographic,adults,married couples,men,nonbinary folks,people over 60,retired people,teenagers,woman,,,,,,,,,,,,,,,,,,,,,,,,,,,,,,,,,,,,,,,,,,,,,,,,,,,,,,,,,,,,,,,,,,,,,,,,,,,,,,,,,,,,,,,,,,,,,,,,,,,,,,,,,,,,,,,,,,,,,,,,,,,,,,,,,,,,,,,,,,,,,,,,,,,,,,,,,,
PERSON_Education,Auburn,Duke,Georgia Tech ,Miami International ,Oregon State,Princeton,Stanford University,Texas A&M,The University of Chicago,UCLA,UNC Charlotte,University of Georgia,University of Michigan,University of Tennessee,,,,,,,,,,,,,,,,,,,,,,,,,,,,,,,,,,,,,,,,,,,,,,,,,,,,,,,,,,,,,,,,,,,,,,,,,,,,,,,,,,,,,,,,,,,,,,,,,,,,,,,,,,,,,,,,,,,,,,,,,,,,,,,,,,,,,,,,,,,,,,,,,,,,
PERSON_FilingStatus,Head of household,Married filing jointly,Married filing separately,Single,,,,,,,,,,,,,,,,,,,,,,,,,,,,,,,,,,,,,,,,,,,,,,,,,,,,,,,,,,,,,,,,,,,,,,,,,,,,,,,,,,,,,,,,,,,,,,,,,,,,,,,,,,,,,,,,,,,,,,,,,,,,,,,,,,,,,,,,,,,,,,,,,,,,,,,,,,,,,,
PERSON_IncomeSource,affiliate marketing,capital gains,dividend income,interest ,profit income,rental income,royalties,salary,,,,,,,,,,,,,,,,,,,,,,,,,,,,,,,,,,,,,,,,,,,,,,,,,,,,,,,,,,,,,,,,,,,,,,,,,,,,,,,,,,,,,,,,,,,,,,,,,,,,,,,,,,,,,,,,,,,,,,,,,,,,,,,,,,,,,,,,,,,,,,,,,,,,,,,,,,
PERSON_MaritalStatus,Single,Married filing jointly,Domestic Partnership,Divorced,Common law marriage,,,,,,,,,,,,,,,,,,,,,,,,,,,,,,,,,,,,,,,,,,,,,,,,,,,,,,,,,,,,,,,,,,,,,,,,,,,,,,,,,,,,,,,,,,,,,,,,,,,,,,,,,,,,,,,,,,,,,,,,,,,,,,,,,,,,,,,,,,,,,,,,,,,,,,,,,,,,,
PERSON_PreexistingConditions,Alzheimer's,arthritis,cancer,diabetes,fibromyalgia,glaucoma,migraines,,,,,,,,,,,,,,,,,,,,,,,,,,,,,,,,,,,,,,,,,,,,,,,,,,,,,,,,,,,,,,,,,,,,,,,,,,,,,,,,,,,,,,,,,,,,,,,,,,,,,,,,,,,,,,,,,,,,,,,,,,,,,,,,,,,,,,,,,,,,,,,,,,,,,,,,,,,
PERSON_Relationship,Parent,Mother,Father,Daughter,Son,Sister,Brother,Cousin,Grandmother,Grandfather,Aunt,Uncle,Spouse,Wife,Husband,,,,,,,,,,,,,,,,,,,,,,,,,,,,,,,,,,,,,,,,,,,,,,,,,,,,,,,,,,,,,,,,,,,,,,,,,,,,,,,,,,,,,,,,,,,,,,,,,,,,,,,,,,,,,,,,,,,,,,,,,,,,,,,,,,,,,,,,,,,,,,,,,,,
PERSON_RetirementStatus,Working,Retired,,,,,,,,,,,,,,,,,,,,,,,,,,,,,,,,,,,,,,,,,,,,,,,,,,,,,,,,,,,,,,,,,,,,,,,,,,,,,,,,,,,,,,,,,,,,,,,,,,,,,,,,,,,,,,,,,,,,,,,,,,,,,,,,,,,,,,,,,,,,,,,,,,,,,,,,,,,,,,,,
POSSoftware,Lightspeed,Octopus,Toast,TouchBistro,Vend,,,,,,,,,,,,,,,,,,,,,,,,,,,,,,,,,,,,,,,,,,,,,,,,,,,,,,,,,,,,,,,,,,,,,,,,,,,,,,,,,,,,,,,,,,,,,,,,,,,,,,,,,,,,,,,,,,,,,,,,,,,,,,,,,,,,,,,,,,,,,,,,,,,,,,,,,,,,,
PRODUCT_Brand,ASUS,AT&T,Amazon,Apple,Apple TV,Bose,Facebook,Google,Google Pixel,Instagram,Intel,LG,LG Electronics 24LM530S-PU 24-Inch HD webOS 3.5 Smart TV,Linksys,Microsoft,Motorola,Panasonic,Reddit,Roku,SAMSUNG 43-inch Class Crystal UHD TU-8000 Series - 4K UHD HDR Smart TV,Samsung,Toshiba,Twitter,USRobotics,Vizio ,Whatsapp,YouTube,,,,,,,,,,,,,,,,,,,,,,,,,,,,,,,,,,,,,,,,,,,,,,,,,,,,,,,,,,,,,,,,,,,,,,,,,,,,,,,,,,,,,,,,,,,,,,,,,,,,,,,,,,,,,,,,,,,,,,,,,,,,,,,,,,,,,,,
PRODUCT_Defect,Blinking lights,DoS attack,Every time I switch channels the volume goes way down,Half the buttons won't work,I can't connect my Wi-Fi to the router,I can't even get to the website,I can't get it working,I can't reboot it,I can't turn it off,I was flipping through the channels,I was looking for something to watch,I was watching CBS,I was watching Criminal Minds,I was watching TV,I was watching a movie,I was watching football,I was watching the news,It appears to just be broken,It keeps taking like a few seconds to do anything,It says to clear the cookies,It straight up doesn't work,It won't connect to anything,It won't turn on,,,,,,,,,,,,,,,,,,,,,,,,,,,,,,,,,,,,,,,,,,,,,,,,,,,,,,,,,,,,,,,,,,,,,,,,,,,,,,,,,,,,,,,,,,,,,,,,,,,,,,,,,,,,,,,,,,,,,,,,,,,,,,,,,,,,,,,,,,,
PRODUCT_Feature,5g please,A wireless projector with a screen,Access to outlets,Bluetooth,Comfort,Connect,Family Plan,Prepaid,RNG15ON,SIM-card capability,Space for physical activities,Unlimited,voicemails,wireless charging,,,,,,,,,,,,,,,,,,,,,,,,,,,,,,,,,,,,,,,,,,,,,,,,,,,,,,,,,,,,,,,,,,,,,,,,,,,,,,,,,,,,,,,,,,,,,,,,,,,,,,,,,,,,,,,,,,,,,,,,,,,,,,,,,,,,,,,,,,,,,,,,,,,,
PRODUCT_Instance,4K,A1842,AC1750,ADB,ARRIS,AX11000,AX3000,AX6000,Amazon Basics USB 3.0 to 10/100/1000 Gigabit Ethernet Internet Adapter,America's Top 100,iPad Pro,Archer,Archer A7,Aspire 5,Basic,Bose,Broadcom,Comcast,DISH,DOSS,Dynaudio,EA9500 AC5400,EA9500 Max,Eero Pro Mesh,iPhone 12,,,,,,,,,,,,,,,,,,,,,,,,,,,,,,,,,,,,,,,,,,,,,,,,,,,,,,,,,,,,,,,,,,,,,,,,,,,,,,,,,,,,,,,,,,,,,,,,,,,,,,,,,,,,,,,,,,,,,,,,,,,,,,,,,,,,,,,,,
PRODUCT_Name,Evernote,Facebook,Instagram,Messenger,Reddit,Shazam,Snapchat,Spotify,Twitter,Whatsapp,YouTube,Performance Select,Performance Spend,Interest Reserve,Reserve Select,Saver's Advantage,,,,,,,,,,,,,,,,,,,,,,,,,,,,,,,,,,,,,,,,,,,,,,,,,,,,,,,,,,,,,,,,,,,,,,,,,,,,,,,,,,,,,,,,,,,,,,,,,,,,,,,,,,,,,,,,,,,,,,,,,,,,,,,,,,,,,,,,,,,,,,,,,,
PRODUCT_Platform,Spotify,TikTok,Twitter,YouTube,,,,,,,,,,,,,,,,,,,,,,,,,,,,,,,,,,,,,,,,,,,,,,,,,,,,,,,,,,,,,,,,,,,,,,,,,,,,,,,,,,,,,,,,,,,,,,,,,,,,,,,,,,,,,,,,,,,,,,,,,,,,,,,,,,,,,,,,,,,,,,,,,,,,,,,,,,,,,,
PRODUCT_Settings,Internet preferences,Blutooth,,,,,,,,,,,,,,,,,,,,,,,,,,,,,,,,,,,,,,,,,,,,,,,,,,,,,,,,,,,,,,,,,,,,,,,,,,,,,,,,,,,,,,,,,,,,,,,,,,,,,,,,,,,,,,,,,,,,,,,,,,,,,,,,,,,,,,,,,,,,,,,,,,,,,,,,,,,,,,,,
PROPERTY_Type,apartment,condominium,duplex,house,lease,own,rent,sublet,townhouse,,,,,,,,,,,,,,,,,,,,,,,,,,,,,,,,,,,,,,,,,,,,,,,,,,,,,,,,,,,,,,,,,,,,,,,,,,,,,,,,,,,,,,,,,,,,,,,,,,,,,,,,,,,,,,,,,,,,,,,,,,,,,,,,,,,,,,,,,,,,,,,,,,,,,,,,,
QUANTITY_FullOrPartial,Full amount,Partial amount,,,,,,,,,,,,,,,,,,,,,,,,,,,,,,,,,,,,,,,,,,,,,,,,,,,,,,,,,,,,,,,,,,,,,,,,,,,,,,,,,,,,,,,,,,,,,,,,,,,,,,,,,,,,,,,,,,,,,,,,,,,,,,,,,,,,,,,,,,,,,,,,,,,,,,,,,,,,,,,,
RANK,primary,secondary,tertiary,,,,,,,,,,,,,,,,,,,,,,,,,,,,,,,,,,,,,,,,,,,,,,,,,,,,,,,,,,,,,,,,,,,,,,,,,,,,,,,,,,,,,,,,,,,,,,,,,,,,,,,,,,,,,,,,,,,,,,,,,,,,,,,,,,,,,,,,,,,,,,,,,,,,,,,,,,,,,,,
RATING_Type,G,PG,PG13,R,,,,,,,,,,,,,,,,,,,,,,,,,,,,,,,,,,,,,,,,,,,,,,,,,,,,,,,,,,,,,,,,,,,,,,,,,,,,,,,,,,,,,,,,,,,,,,,,,,,,,,,,,,,,,,,,,,,,,,,,,,,,,,,,,,,,,,,,,,,,,,,,,,,,,,,,,,,,,,
RESPONSE_AccessType,one time,permanent,,,,,,,,,,,,,,,,,,,,,,,,,,,,,,,,,,,,,,,,,,,,,,,,,,,,,,,,,,,,,,,,,,,,,,,,,,,,,,,,,,,,,,,,,,,,,,,,,,,,,,,,,,,,,,,,,,,,,,,,,,,,,,,,,,,,,,,,,,,,,,,,,,,,,,,,,,,,,,,,
RESPONSE_ActionChoice,accept price,place bid,,,,,,,,,,,,,,,,,,,,,,,,,,,,,,,,,,,,,,,,,,,,,,,,,,,,,,,,,,,,,,,,,,,,,,,,,,,,,,,,,,,,,,,,,,,,,,,,,,,,,,,,,,,,,,,,,,,,,,,,,,,,,,,,,,,,,,,,,,,,,,,,,,,,,,,,,,,,,,,,
RESPONSE_AllocationOrDiversification,Allocation,Diversification,,,,,,,,,,,,,,,,,,,,,,,,,,,,,,,,,,,,,,,,,,,,,,,,,,,,,,,,,,,,,,,,,,,,,,,,,,,,,,,,,,,,,,,,,,,,,,,,,,,,,,,,,,,,,,,,,,,,,,,,,,,,,,,,,,,,,,,,,,,,,,,,,,,,,,,,,,,,,,,,
RESPONSE_AttorneyDurableType,Durable,Non-Durable,,,,,,,,,,,,,,,,,,,,,,,,,,,,,,,,,,,,,,,,,,,,,,,,,,,,,,,,,,,,,,,,,,,,,,,,,,,,,,,,,,,,,,,,,,,,,,,,,,,,,,,,,,,,,,,,,,,,,,,,,,,,,,,,,,,,,,,,,,,,,,,,,,,,,,,,,,,,,,,,
RESPONSE_AvoidOrReduce,Avoid,Reduce,,,,,,,,,,,,,,,,,,,,,,,,,,,,,,,,,,,,,,,,,,,,,,,,,,,,,,,,,,,,,,,,,,,,,,,,,,,,,,,,,,,,,,,,,,,,,,,,,,,,,,,,,,,,,,,,,,,,,,,,,,,,,,,,,,,,,,,,,,,,,,,,,,,,,,,,,,,,,,,,
RESPONSE_BeforeAfterDuring,Before,After,During,,,,,,,,,,,,,,,,,,,,,,,,,,,,,,,,,,,,,,,,,,,,,,,,,,,,,,,,,,,,,,,,,,,,,,,,,,,,,,,,,,,,,,,,,,,,,,,,,,,,,,,,,,,,,,,,,,,,,,,,,,,,,,,,,,,,,,,,,,,,,,,,,,,,,,,,,,,,,,,
RESPONSE_BusinessOrPersonal,Business,Personalized,,,,,,,,,,,,,,,,,,,,,,,,,,,,,,,,,,,,,,,,,,,,,,,,,,,,,,,,,,,,,,,,,,,,,,,,,,,,,,,,,,,,,,,,,,,,,,,,,,,,,,,,,,,,,,,,,,,,,,,,,,,,,,,,,,,,,,,,,,,,,,,,,,,,,,,,,,,,,,,,
RESPONSE_CreditOrDeductionInfo,Credit,Deduction,,,,,,,,,,,,,,,,,,,,,,,,,,,,,,,,,,,,,,,,,,,,,,,,,,,,,,,,,,,,,,,,,,,,,,,,,,,,,,,,,,,,,,,,,,,,,,,,,,,,,,,,,,,,,,,,,,,,,,,,,,,,,,,,,,,,,,,,,,,,,,,,,,,,,,,,,,,,,,,,
RESPONSE_DataDeletionChoice,delete data,wait,backup,,,,,,,,,,,,,,,,,,,,,,,,,,,,,,,,,,,,,,,,,,,,,,,,,,,,,,,,,,,,,,,,,,,,,,,,,,,,,,,,,,,,,,,,,,,,,,,,,,,,,,,,,,,,,,,,,,,,,,,,,,,,,,,,,,,,,,,,,,,,,,,,,,,,,,,,,,,,,,,
RESPONSE_DetailedOrSummarized,Detailed,Summarized,,,,,,,,,,,,,,,,,,,,,,,,,,,,,,,,,,,,,,,,,,,,,,,,,,,,,,,,,,,,,,,,,,,,,,,,,,,,,,,,,,,,,,,,,,,,,,,,,,,,,,,,,,,,,,,,,,,,,,,,,,,,,,,,,,,,,,,,,,,,,,,,,,,,,,,,,,,,,,,,
RESPONSE_ExtenderType,plug-in extender,router extender,,,,,,,,,,,,,,,,,,,,,,,,,,,,,,,,,,,,,,,,,,,,,,,,,,,,,,,,,,,,,,,,,,,,,,,,,,,,,,,,,,,,,,,,,,,,,,,,,,,,,,,,,,,,,,,,,,,,,,,,,,,,,,,,,,,,,,,,,,,,,,,,,,,,,,,,,,,,,,,,
RESPONSE_FeeReason,ATM,I did a balance inquiry on another bank's ATM,I got charged for checking my balance at another bank,I got charged for using another bank's ATM.,I got paid a fee for foreign currency,I took out money at a different bank's ATM,I went to an ATM for a different bank,I went to another bank's ATM,I withdrew money at an ATM for another bank,account closing ,annual ,checking account,excess transactions,foreign transaction,hard copy statement,inactivity ,insufficient funds,lost card,maintenance,minimum balance,overdraft,returned deposit,wire transfer,,,,,,,,,,,,,,,,,,,,,,,,,,,,,,,,,,,,,,,,,,,,,,,,,,,,,,,,,,,,,,,,,,,,,,,,,,,,,,,,,,,,,,,,,,,,,,,,,,,,,,,,,,,,,,,,,,,,,,,,,,,,,,,,,,,,,,,,,,,
RESPONSE_IncreaseOrDecrease,Increase,Decrease,,,,,,,,,,,,,,,,,,,,,,,,,,,,,,,,,,,,,,,,,,,,,,,,,,,,,,,,,,,,,,,,,,,,,,,,,,,,,,,,,,,,,,,,,,,,,,,,,,,,,,,,,,,,,,,,,,,,,,,,,,,,,,,,,,,,,,,,,,,,,,,,,,,,,,,,,,,,,,,,
RESPONSE_InflationIndex,CPI,ECI,GDP Deflator,PCE,PPI,,,,,,,,,,,,,,,,,,,,,,,,,,,,,,,,,,,,,,,,,,,,,,,,,,,,,,,,,,,,,,,,,,,,,,,,,,,,,,,,,,,,,,,,,,,,,,,,,,,,,,,,,,,,,,,,,,,,,,,,,,,,,,,,,,,,,,,,,,,,,,,,,,,,,,,,,,,,,
RESPONSE_InfoReceiptType,both ,delete,download,,,,,,,,,,,,,,,,,,,,,,,,,,,,,,,,,,,,,,,,,,,,,,,,,,,,,,,,,,,,,,,,,,,,,,,,,,,,,,,,,,,,,,,,,,,,,,,,,,,,,,,,,,,,,,,,,,,,,,,,,,,,,,,,,,,,,,,,,,,,,,,,,,,,,,,,,,,,,,,
RESPONSE_LostOrStolen,Lost,Stolen,,,,,,,,,,,,,,,,,,,,,,,,,,,,,,,,,,,,,,,,,,,,,,,,,,,,,,,,,,,,,,,,,,,,,,,,,,,,,,,,,,,,,,,,,,,,,,,,,,,,,,,,,,,,,,,,,,,,,,,,,,,,,,,,,,,,,,,,,,,,,,,,,,,,,,,,,,,,,,,,
RESPONSE_MergerType,conglomerate,horizontal,market extension,product extension,vertical,,,,,,,,,,,,,,,,,,,,,,,,,,,,,,,,,,,,,,,,,,,,,,,,,,,,,,,,,,,,,,,,,,,,,,,,,,,,,,,,,,,,,,,,,,,,,,,,,,,,,,,,,,,,,,,,,,,,,,,,,,,,,,,,,,,,,,,,,,,,,,,,,,,,,,,,,,,,,
RESPONSE_NetworkType,private,public,,,,,,,,,,,,,,,,,,,,,,,,,,,,,,,,,,,,,,,,,,,,,,,,,,,,,,,,,,,,,,,,,,,,,,,,,,,,,,,,,,,,,,,,,,,,,,,,,,,,,,,,,,,,,,,,,,,,,,,,,,,,,,,,,,,,,,,,,,,,,,,,,,,,,,,,,,,,,,,,
RESPONSE_NewOrExisting,New,Existing,,,,,,,,,,,,,,,,,,,,,,,,,,,,,,,,,,,,,,,,,,,,,,,,,,,,,,,,,,,,,,,,,,,,,,,,,,,,,,,,,,,,,,,,,,,,,,,,,,,,,,,,,,,,,,,,,,,,,,,,,,,,,,,,,,,,,,,,,,,,,,,,,,,,,,,,,,,,,,,,
RESPONSE_NewOrReturning,New,Returning,,,,,,,,,,,,,,,,,,,,,,,,,,,,,,,,,,,,,,,,,,,,,,,,,,,,,,,,,,,,,,,,,,,,,,,,,,,,,,,,,,,,,,,,,,,,,,,,,,,,,,,,,,,,,,,,,,,,,,,,,,,,,,,,,,,,,,,,,,,,,,,,,,,,,,,,,,,,,,,,
RESPONSE_PublicOrPrivate,Public,Private,,,,,,,,,,,,,,,,,,,,,,,,,,,,,,,,,,,,,,,,,,,,,,,,,,,,,,,,,,,,,,,,,,,,,,,,,,,,,,,,,,,,,,,,,,,,,,,,,,,,,,,,,,,,,,,,,,,,,,,,,,,,,,,,,,,,,,,,,,,,,,,,,,,,,,,,,,,,,,,,
RESPONSE_QuarterlyPeriods,first,fourth,second,third,,,,,,,,,,,,,,,,,,,,,,,,,,,,,,,,,,,,,,,,,,,,,,,,,,,,,,,,,,,,,,,,,,,,,,,,,,,,,,,,,,,,,,,,,,,,,,,,,,,,,,,,,,,,,,,,,,,,,,,,,,,,,,,,,,,,,,,,,,,,,,,,,,,,,,,,,,,,,,
RESPONSE_Reason,Basically because it's not a good fit for me anymore,Cuz I wasn't roaming!,Cuz the channels don't work half the time,Does that actually matter? I don't want to pay for it anymore!,Due to financial stress,Due to problems I am experiencing with it,I changed my mind,I don't use it enough,I feel I'm being overcharged,I never use it,I wanna be able to connect to my computer,I wanna cancel cuz I assume I can't use your services in another country right?,I want a plan that has live pause,I will be moving back to my home country soon,I'm disputing cuz I didn't actually go over my limit,I'm leaving the country,I'm not happy w/the service,I'm not pleased with the contract,Moving abroad,My kid moved out so it's unnecessary now,My old plan was crap,What you charge isn't worth it,You charge too much,You guys suck,You're overcharging me ,alimony,broken,honestly we mostly just watch Netflix,well I'm going abroad ,who even uses a landline these days?,your service isn't good,ATM is broken at this branch,"According to my records, I submitted the payment on time.",Because I didn't actually pay the bill late,Corporate treasury bond requires it,Credit company breaking regulations,False advertising by my financial company,Gotta provide it for a bond,"Honestly, I just rarely use it",How did I get in the negative? I didn't do it.,"I always pay on time, give me a break",I bought something online and they charged me more than they were supposed to.,I can't deposit a check using the app,I can't make a transfer on it,I didn't authorize it.,I didn't authorize this,I didn't do anything to make my account go in the negative,I didn't get all the money I tried to withdraw from the ATM but it got deducted from my account anyway.,I didn't make any changes.,I didn't put my account in the negative,I didn't request it.,I didn't spend any money so I don't know why it's negative,I didn't take out more money than I have,"I don't get how I'm in the negative, I pay attention to my balance and never overspend",I don't have the money,I don't know what it is and I didn't authorize it.,I don't understand why it was cancelled,I forgot to pay on time.,I got charged more than I was supposed to the last time I went out to eat,I got gas and they took out more than it said it would at the pump,I got laid off,I got sick,I got too many credit cards,I had an emergency come up and couldn't pay it on the due date.,I have a complaint about a specific employee.,I have some questions about the loans you offer.,I have to buy a new laptop for my kid for class.,I have to get surgery and I have a high deductible.,I have to provide it for a corp. treasury bond,I lost it,I lost my job,"I made a typo when I sent in the payment and entered the wrong month, it wasn't my fault.",I made the payment on time but then it showed as processing for days.,I mean this is your error for not processing my bill,I need a new roof for my house.,I need some questions answered about the terms of my loan,I need to apply for a loan.,I need to reduce my lines of credit,I need to start taking this prescription and it's really expensive.,I never use this card,I ordered something online and the amount they took out of my account was more than what the receipt said.,I placed an order online and they took more money out of my account than they said they would.,I submitted my payment before the due date.,I suspect my money was stolen at the branch by a teller,I think it'll increase my long-term net worth,I think my lender has done something illegal,I took out more money than I actually got.,I wanna buy a PS5,I want a better stereo in my car and it's expensive,I want to discuss the terms of my loan.,I want to talk to someone about the loan terms offered.,I want to talk to someone to find out how much I can borrow.,I want to withdraw it,I was really sick the day it was due and couldn't pay it until the day after.,I went to Best Buy and they charged my card more than the receipt said they did,I went to the ATM and it didn't give me all my money,I withdrew money from the ATM and didn't get all of it.,I would like to report a security issue there.,I'd like to know all the loans you provide.,I'd like to use it for a corporate treasury bond,I'm having a hard time making the payments,I'm hoping to increase the liquidity of my assets,I'm hoping to pay off my mortgage quicker this way,I'm not pleased w/the interest rate,I'm not sure what it's for but I didn't request it.,"I'm not sure why my account is negative, I didn't do anything to cause it",I'm terminally ill,I'm thinking about applying for a loan and have some questions,In order to get a corporate treasury bond I need it,It wasn't requested by me.,It's an outrageous free,Lending discrimination,Looking to investigate the fee,My bank closed my account for no reason.,My car broke down,My car needs some expensive repairs.,My expenses have increased,My kid needs braces,My kid needs school supplies,No one told me I was going to be charged for this.,Our kitchen flooded,Personal reasons,Spotify took out more money than they were supposed to.,The ATM didn't give me all my money.,The ATM didn't give me all the money I withdrew.,The app seems to be frozen,The economic conditions are favorable.,"The last time I looked I was in the positive, what happened","The last time I went to the ATM, I didn't get all my money","The last time I went to the grocery store, they took out more money than it said it cost on my receipt.",The payment is for a different amount than requested,The power was out at my house so I couldn't submit a payment in time.,This is because interest rates are low.,This is the first time it's shown up on my bill and I didn't ask for it.,This relates to a possible consumer protection violation.,To support my business,"When I went to the ATM, it didn't give me as much money as I asked for","Yes, the branch is never open when it says they will be.",Your services need improvement.,it was rejected by my recipient's bank,it was stolen,it won't open,it's for a corporate treasury bond application,it's not fair,it's not showing all my accounts,keeps crashing,lost,my bank provided misleading info,need it for part of my application for a bond,no longer need this card,none of the buttons work,possible fraud,simply to get a better loan,stolen,subset of values possible,the branch is poorly managed,the interest rate is too high,the payment failed,there's a really long lag time,this is recommended by my financial advisor,to increase my short-term cash flow,well it's an error on your part
RESPONSE_ReasonForAppointment,Help getting out of debt,Help navigating a financial crisis,I literally don't know anything about saving money,I need help making plans for retirement,I wanna buy a house,I want advice about how to save,I want to make a college savings plan,I want to see how far I can make my savings stretch,I'd like to open a 401K,I'm hoping to get some help with budgeting,I'm seeking a professional's opinion,Looking to find out where I should be investing my money,general advice,knowing more about financial options,need advice on a loan,thinking to get a loan for a new business,,,,,,,,,,,,,,,,,,,,,,,,,,,,,,,,,,,,,,,,,,,,,,,,,,,,,,,,,,,,,,,,,,,,,,,,,,,,,,,,,,,,,,,,,,,,,,,,,,,,,,,,,,,,,,,,,,,,,,,,,,,,,,,,,,,,,,,,,,,,,,,,,,
RESPONSE_ReasonForSettling,no other options/alternatives available,past/present defaults,to avoid bankruptcy,to improve credit score,to stop creditors from calling,,,,,,,,,,,,,,,,,,,,,,,,,,,,,,,,,,,,,,,,,,,,,,,,,,,,,,,,,,,,,,,,,,,,,,,,,,,,,,,,,,,,,,,,,,,,,,,,,,,,,,,,,,,,,,,,,,,,,,,,,,,,,,,,,,,,,,,,,,,,,,,,,,,,,,,,,,,,,
RESPONSE_ReferralProgram,50% off referral program,All of us referral program,Family and friends bonus program,It is the family-friend one.,Macy's vouchers referral program,The one where I get a $5 voucher,Together referral program,,,,,,,,,,,,,,,,,,,,,,,,,,,,,,,,,,,,,,,,,,,,,,,,,,,,,,,,,,,,,,,,,,,,,,,,,,,,,,,,,,,,,,,,,,,,,,,,,,,,,,,,,,,,,,,,,,,,,,,,,,,,,,,,,,,,,,,,,,,,,,,,,,,,,,,,,,,
RESPONSE_RefundNowOrLater,Now,later,,,,,,,,,,,,,,,,,,,,,,,,,,,,,,,,,,,,,,,,,,,,,,,,,,,,,,,,,,,,,,,,,,,,,,,,,,,,,,,,,,,,,,,,,,,,,,,,,,,,,,,,,,,,,,,,,,,,,,,,,,,,,,,,,,,,,,,,,,,,,,,,,,,,,,,,,,,,,,,,
RESPONSE_RefurbishedOrNew,exchange,new,,,,,,,,,,,,,,,,,,,,,,,,,,,,,,,,,,,,,,,,,,,,,,,,,,,,,,,,,,,,,,,,,,,,,,,,,,,,,,,,,,,,,,,,,,,,,,,,,,,,,,,,,,,,,,,,,,,,,,,,,,,,,,,,,,,,,,,,,,,,,,,,,,,,,,,,,,,,,,,,
RESPONSE_RentOROwn,Rent,Own,,,,,,,,,,,,,,,,,,,,,,,,,,,,,,,,,,,,,,,,,,,,,,,,,,,,,,,,,,,,,,,,,,,,,,,,,,,,,,,,,,,,,,,,,,,,,,,,,,,,,,,,,,,,,,,,,,,,,,,,,,,,,,,,,,,,,,,,,,,,,,,,,,,,,,,,,,,,,,,,
RESPONSE_ResetOrRecover,Recover,Reset,,,,,,,,,,,,,,,,,,,,,,,,,,,,,,,,,,,,,,,,,,,,,,,,,,,,,,,,,,,,,,,,,,,,,,,,,,,,,,,,,,,,,,,,,,,,,,,,,,,,,,,,,,,,,,,,,,,,,,,,,,,,,,,,,,,,,,,,,,,,,,,,,,,,,,,,,,,,,,,,
RESPONSE_ServiceLocation,International,Local,Domestic,Foreign,,,,,,,,,,,,,,,,,,,,,,,,,,,,,,,,,,,,,,,,,,,,,,,,,,,,,,,,,,,,,,,,,,,,,,,,,,,,,,,,,,,,,,,,,,,,,,,,,,,,,,,,,,,,,,,,,,,,,,,,,,,,,,,,,,,,,,,,,,,,,,,,,,,,,,,,,,,,,,
RESPONSE_ServiceUseType,business,personal,,,,,,,,,,,,,,,,,,,,,,,,,,,,,,,,,,,,,,,,,,,,,,,,,,,,,,,,,,,,,,,,,,,,,,,,,,,,,,,,,,,,,,,,,,,,,,,,,,,,,,,,,,,,,,,,,,,,,,,,,,,,,,,,,,,,,,,,,,,,,,,,,,,,,,,,,,,,,,,,
RESPONSE_StandardOrPersonalized,Standard,Personalized,,,,,,,,,,,,,,,,,,,,,,,,,,,,,,,,,,,,,,,,,,,,,,,,,,,,,,,,,,,,,,,,,,,,,,,,,,,,,,,,,,,,,,,,,,,,,,,,,,,,,,,,,,,,,,,,,,,,,,,,,,,,,,,,,,,,,,,,,,,,,,,,,,,,,,,,,,,,,,,,
RESPONSE_UserOrReviewer,reviewer rating,user rating,,,,,,,,,,,,,,,,,,,,,,,,,,,,,,,,,,,,,,,,,,,,,,,,,,,,,,,,,,,,,,,,,,,,,,,,,,,,,,,,,,,,,,,,,,,,,,,,,,,,,,,,,,,,,,,,,,,,,,,,,,,,,,,,,,,,,,,,,,,,,,,,,,,,,,,,,,,,,,,,
REWARD_Type,Air miles,cash back,discount codes,gift cards,gift certificate,miles,points,statement credit,,,,,,,,,,,,,,,,,,,,,,,,,,,,,,,,,,,,,,,,,,,,,,,,,,,,,,,,,,,,,,,,,,,,,,,,,,,,,,,,,,,,,,,,,,,,,,,,,,,,,,,,,,,,,,,,,,,,,,,,,,,,,,,,,,,,,,,,,,,,,,,,,,,,,,,,,,
SERVICE_Installation,TV,Wi-Fi,cable,internet,phone,satellite,,,,,,,,,,,,,,,,,,,,,,,,,,,,,,,,,,,,,,,,,,,,,,,,,,,,,,,,,,,,,,,,,,,,,,,,,,,,,,,,,,,,,,,,,,,,,,,,,,,,,,,,,,,,,,,,,,,,,,,,,,,,,,,,,,,,,,,,,,,,,,,,,,,,,,,,,,,,
SERVICE_Type,Basic,Flex,Flex Plus,Premium,TV,Unlimited,Wi-Fi,cable,internet,phone,satellite,adjustable-rate,conventional,fixed-rate,government-insured,jumbo,,,,,,,,,,,,,,,,,,,,,,,,,,,,,,,,,,,,,,,,,,,,,,,,,,,,,,,,,,,,,,,,,,,,,,,,,,,,,,,,,,,,,,,,,,,,,,,,,,,,,,,,,,,,,,,,,,,,,,,,,,,,,,,,,,,,,,,,,,,,,,,,,,
ServiceFee,Late fee,Surchage,Service fee,Convenience fee,Maintenance fee,,,,,,,,,,,,,,,,,,,,,,,,,,,,,,,,,,,,,,,,,,,,,,,,,,,,,,,,,,,,,,,,,,,,,,,,,,,,,,,,,,,,,,,,,,,,,,,,,,,,,,,,,,,,,,,,,,,,,,,,,,,,,,,,,,,,,,,,,,,,,,,,,,,,,,,,,,,,,
SIZE,Small,Medium,Large,,,,,,,,,,,,,,,,,,,,,,,,,,,,,,,,,,,,,,,,,,,,,,,,,,,,,,,,,,,,,,,,,,,,,,,,,,,,,,,,,,,,,,,,,,,,,,,,,,,,,,,,,,,,,,,,,,,,,,,,,,,,,,,,,,,,,,,,,,,,,,,,,,,,,,,,,,,,,,,
STOCK_Abbreviation,AAL,AAPL,ABNB,ACB,ADT,AM,AMC,AMD,AMZN,APHA,APPL,AXP,AZN,BA,BABA,BAC,BP,CCL,CGC,COTY,CPRX,CRON,DAL,DIS,DKNG,ET,F,FB,FCEL,FIT,GE,GM,GNUS,GOOGL,GPRO,GPS,GUSH,HAL,HL,IDEX,INO,IVR,JBLU,JNJ,KO,KODK,KOS,LI,LUV,M,MCD,MFA,MGM,MRNA,MRO,MSFT,NCLH,NFLX,NIO,NKE,NKLA,NOK,NRZ,NVDA,OGI,PENN,PFE,PLAY,PLTR,PLUG,PSEC,PTON,QQQ,RCL,RKT,SAVE,SBUX,SIRI,SNAP,SNE,SOLO,SPY,SQ,SRNE,T,TLRY,TSLA,TWTR,TXMD,UAL,UBER,UCO,USO,VFIAX,VOO,VXRT,WFC,WKHS,WMT,WWE,XOM,XPEV,ZM,ZNGA,,,,,,,,,,,,,,,,,,,,,,,,,,,,,,,,,,,,,,,,,,,,,,,,,,,,,,,,,,
STOCK_Exchange,Bombay Stock Exchange,London Stock Exchange,NASDAQ,NYSE,,,,,,,,,,,,,,,,,,,,,,,,,,,,,,,,,,,,,,,,,,,,,,,,,,,,,,,,,,,,,,,,,,,,,,,,,,,,,,,,,,,,,,,,,,,,,,,,,,,,,,,,,,,,,,,,,,,,,,,,,,,,,,,,,,,,,,,,,,,,,,,,,,,,,,,,,,,,,,
STOCK_Index,S&P 500,FTSE 100,FTSE 250,,,,,,,,,,,,,,,,,,,,,,,,,,,,,,,,,,,,,,,,,,,,,,,,,,,,,,,,,,,,,,,,,,,,,,,,,,,,,,,,,,,,,,,,,,,,,,,,,,,,,,,,,,,,,,,,,,,,,,,,,,,,,,,,,,,,,,,,,,,,,,,,,,,,,,,,,,,,,,,
STOCK_IPOAgreementType,commission,convertible debt,deferred compensation,nonstatutory stock option,percent of revenue,restricted stock ,royalty,statutory stock option,stock purchase ,,,,,,,,,,,,,,,,,,,,,,,,,,,,,,,,,,,,,,,,,,,,,,,,,,,,,,,,,,,,,,,,,,,,,,,,,,,,,,,,,,,,,,,,,,,,,,,,,,,,,,,,,,,,,,,,,,,,,,,,,,,,,,,,,,,,,,,,,,,,,,,,,,,,,,,,,
STOCK_Name,ADT,AMC Entertainment,AMD,AT&T,Airbnb,Alibaba,Alphabet Class A,Amazon,American Airlines,American Express Company,Antero Midstream,Aphria,Apple,Apple Inc,Apple Inc.,AstraZeneca,Aurora Cannabis,Bank of America,Beyond Meat,Boeing,British Petroleum,Canopy Growth,Carnival,Catalyst Pharmaceuticals,Chevron,Coca-Cola,Coty,Cronos Group,Dave & Buster's,Delta Air Lines,Direxion Daily S&P Oil & Gas Exp. & Prod. Bull 2X Shares,Disney,Draftkings,Electrameccanica Vehicles,Energy Transfer,Exxon Mobil,Facebook,Fitbit,Ford Motor,FuelCell Energy,GE,GM,Gap,Genius Brands,GoPro,Google,Halliburton,Hecla Mining,Ideanomics,Inovio,Invesco Mortgage Capital,JetBlue Airways,Johnson & Johnson,Kodak,Kosmos Energy,Li Auto Inc,MFA Financial,MGM Resorts,Macy's,Marathon Oil,Microsoft,Moderna,NIO,NVIDIA,Netflix,New Residential Investment,Nike,Nikola,Nokia,Norwegian Cruise Line,OrganiGram,Palantir,Palantir Technologies,Peloton Interactive,Penn National Gaming,Pfizer,Pfizer Inc.,Plug Power,ProShares Ultra Bloomberg Crude Oil ETF,Prospect Capital,Rocket Companies,Royal Caribbean Group,SPDR S&P 500 ETF,Sirius XM,Snap,Sony,Sorrento Therapeutics,Southwest Airlines,Spirit Airlines,Sprint,Square,Starbucks,Stocks associated with the consumer price index,Tesla,TherapeuticsMD,Tilray,Twitter,Uber,United Airlines,United States Oil Fund,Vanguard 500 Index Fund Admiral Shares,Vanguard S&P 500 ETF,Vaxart,Walmart,Wells Fargo,Workhorse,XPeng,Zoom,Zynga,,,,,,,,,,,,,,,,,,,,,,,,,,,,,,,,,,,,,,,,,,,,,,,,,,,,,
STOCK_SellOrHold,Sell,Hold,,,,,,,,,,,,,,,,,,,,,,,,,,,,,,,,,,,,,,,,,,,,,,,,,,,,,,,,,,,,,,,,,,,,,,,,,,,,,,,,,,,,,,,,,,,,,,,,,,,,,,,,,,,,,,,,,,,,,,,,,,,,,,,,,,,,,,,,,,,,,,,,,,,,,,,,,,,,,,,,
STOCK_Type,Common,Preferred,,,,,,,,,,,,,,,,,,,,,,,,,,,,,,,,,,,,,,,,,,,,,,,,,,,,,,,,,,,,,,,,,,,,,,,,,,,,,,,,,,,,,,,,,,,,,,,,,,,,,,,,,,,,,,,,,,,,,,,,,,,,,,,,,,,,,,,,,,,,,,,,,,,,,,,,,,,,,,,,
StreamingService,CBS All Access,Disney+,ESPN+,HBO Max,Hulu,Netflix,Peacock,Prime Video,Spotify,,,,,,,,,,,,,,,,,,,,,,,,,,,,,,,,,,,,,,,,,,,,,,,,,,,,,,,,,,,,,,,,,,,,,,,,,,,,,,,,,,,,,,,,,,,,,,,,,,,,,,,,,,,,,,,,,,,,,,,,,,,,,,,,,,,,,,,,,,,,,,,,,,,,,,,,,
TIME_Days,Friday,Monday,Thursday,Tuesday,Wednesday,,,,,,,,,,,,,,,,,,,,,,,,,,,,,,,,,,,,,,,,,,,,,,,,,,,,,,,,,,,,,,,,,,,,,,,,,,,,,,,,,,,,,,,,,,,,,,,,,,,,,,,,,,,,,,,,,,,,,,,,,,,,,,,,,,,,,,,,,,,,,,,,,,,,,,,,,,,,,
TIME_OfDay,afternoon,early ,evening,late,morning,night,,,,,,,,,,,,,,,,,,,,,,,,,,,,,,,,,,,,,,,,,,,,,,,,,,,,,,,,,,,,,,,,,,,,,,,,,,,,,,,,,,,,,,,,,,,,,,,,,,,,,,,,,,,,,,,,,,,,,,,,,,,,,,,,,,,,,,,,,,,,,,,,,,,,,,,,,,,,
TIME_Span,10am-4pm,11am-3pm PST,8am-4pm EST,8am-5pm,9 til 5,9 till 6,,,,,,,,,,,,,,,,,,,,,,,,,,,,,,,,,,,,,,,,,,,,,,,,,,,,,,,,,,,,,,,,,,,,,,,,,,,,,,,,,,,,,,,,,,,,,,,,,,,,,,,,,,,,,,,,,,,,,,,,,,,,,,,,,,,,,,,,,,,,,,,,,,,,,,,,,,,,
TRANSACTION_Speed,normal,priority,,,,,,,,,,,,,,,,,,,,,,,,,,,,,,,,,,,,,,,,,,,,,,,,,,,,,,,,,,,,,,,,,,,,,,,,,,,,,,,,,,,,,,,,,,,,,,,,,,,,,,,,,,,,,,,,,,,,,,,,,,,,,,,,,,,,,,,,,,,,,,,,,,,,,,,,,,,,,,,,
Unauthorized_Request,no service,not available,reset phone,service not available,unauthorized,wrong country,,,,,,,,,,,,,,,,,,,,,,,,,,,,,,,,,,,,,,,,,,,,,,,,,,,,,,,,,,,,,,,,,,,,,,,,,,,,,,,,,,,,,,,,,,,,,,,,,,,,,,,,,,,,,,,,,,,,,,,,,,,,,,,,,,,,,,,,,,,,,,,,,,,,,,,,,,,,
WORK_Type,Employed,Freelancer,Self-employed,employed,freelance,full time,full-time,independent contractor,part time,part-time,self employed ,self-employed,temporary,unemployed,,,,,,,,,,,,,,,,,,,,,,,,,,,,,,,,,,,,,,,,,,,,,,,,,,,,,,,,,,,,,,,,,,,,,,,,,,,,,,,,,,,,,,,,,,,,,,,,,,,,,,,,,,,,,,,,,,,,,,,,,,,,,,,,,,,,,,,,,,,,,,,,,,,,
WORKOFART_Title,28 Days Later,A Little Chaos,A Live Studio Audience,A Seat at the Table,ALICIA,AMC,All Love Everything,Anyone,Arrested Development,Bang!,Battlelines,Blade Runner 2049,Blinding Lights,Bravo,Breaking Bad,Chromatica,Community,Crime Junkie,Dateline NBC,Discovery,Dolemite Is My Name,Dynasties #5 âÂ The Sahotas,Everything is Love,Folklore,Friends,,,,,,,,,,,,,,,,,,,,,,,,,,,,,,,,,,,,,,,,,,,,,,,,,,,,,,,,,,,,,,,,,,,,,,,,,,,,,,,,,,,,,,,,,,,,,,,,,,,,,,,,,,,,,,,,,,,,,,,,,,,,,,,,,,,,,,,,,
